{
    "criteria": {
      "sneaking": {
        "trigger": "minecraft:recipe_unlocked",
        "conditions": {
          "player": {
            "flags": {
              "is_sneaking": true
            }
          },
          "recipe": "myquest:questbook"
        }
      },
      "not_sneaking": {
        "trigger": "minecraft:recipe_unlocked",
        "conditions": {
          "player": {
            "flags": {
              "is_sneaking": false
            }
          },
          "recipe": "myquest:questbook"
        }
      }
    },
    "requirements": [
      [
        "sneaking",
        "not_sneaking"
      ]
    ],
    "rewards": {
      "function": "myquest:zprivate/questbook/init"
    }
  }
  