[
    {
      "function": "minecraft:set_lore",
      "entity": "this",
      "lore": [
        [{"text":"",
        "italic": false,"color":"white"},[{"score":{"name":"$dialogueno","objective":"myquest.zprivate"},"color":"aqua"},{"text":") "}],
          {
            "text": "💬: ",
            "color": "aqua"
          },
          {
            "nbt": "root.script[0].dialogue",
            "storage": "myquest:zprivate",
            "interpret": true
          }
        ]
      ],
      "replace": false
    }
  ]
  