[
    {
      "function": "minecraft:set_lore",
      "entity": "this",
      "lore": [
        
          [{
            "text": "Quest: ","bold":true,"italic":false,"color":"aqua"
          },
          {
            "nbt": "root.queststage.quest",
            "storage": "myquest:zprivate","color":"green","bold":false
          }],[{
            "text": "Queststage: ","bold":true,"italic":false,"color":"aqua"
          },
          {
            "nbt": "root.queststage.queststage",
            "storage": "myquest:zprivate","color":"gold","bold":false
          }]
        ],
      
      "mode": "append"
    }
  ]
  