{
    "criteria": {
      "requirement": {
        "trigger": "minecraft:player_interacted_with_entity",
        "conditions": {
          "item": {
            "items": [
              "minecraft:written_book"
            ],
            "nbt": "{myquest:tools}"
          },
          "entity": {
            "type": "minecraft:interaction",
            "nbt": "{Tags:[myquest.editor.confirm]}"
          }
        }
      }
    },
    "rewards": {
      "function": "myquest:zprivate/editor/preview/init"
    }
  }
  