{
  "criteria": {
    "requirement": {
      "trigger": "minecraft:player_interacted_with_entity",
      "conditions": {
        "item": {
          "items": "minecraft:written_book",
          "count": 1,
          "predicates": {
            "minecraft:custom_data": "{myquest:tools}"
          }
        },
        "entity": {
          "type": "minecraft:interaction",
          "nbt": "{Tags:[\"myquest.npc\"]}"
        }
      }
    }
  },
  "rewards": {
    "function": "myquest:zprivate/npc/menu/init"
  }
}
