{
  "criteria": {
    "requirement": {
      "trigger": "minecraft:player_interacted_with_entity",
      "conditions": {
        "player": [
          {
            "condition": "minecraft:all_of",
            "terms": [
              {
                "condition": "minecraft:inverted",
                "term": {
                  "condition": "minecraft:entity_properties",
                  "entity": "this",
                  "predicate": {
                    "equipment": {
                      "mainhand": {
                        "items": [
                          "minecraft:enchanted_book"
                        ],
                        "nbt": "{myquest:queststage}"
                      }
                    }
                  }
                }
              },
              {
                "condition": "minecraft:inverted",
                "term": {
                  "condition": "minecraft:entity_properties",
                  "entity": "this",
                  "predicate": {
                    "equipment": {
                      "mainhand": {
                        "items": [
                          "minecraft:written_book"
                        ],
                        "nbt": "{myquest:tools}"
                      }
                    }
                  }
                }
              }
            ]
          }
        ],
        "entity": {
          "type": "minecraft:interaction",
          "nbt": "{Tags:[myquest.npc]}"
        }
      }
    }
  },
  "rewards": {
    "function": "myquest:zprivate/reader/init"
  }
}
