[
  {
    "function": "minecraft:set_lore",
    "entity": "this",
    "lore": [
      [
        {
          "text": "",
          "italic": false,
          "color": "white"
        },
        {
          "text": "Quest: ",
          "color": "aqua"
        },
        {
          "nbt": "root.common[0].quest",
          "storage": "myquest:zprivate",
          "color": "green"
        },
        {
          "text": " Progress: ",
          "color": "aqua"
        },
        {
          "nbt": "root.common[0].progress",
          "storage": "myquest:zprivate",
          "color": "gold"
        }
      ]
    ],
    "mode": "append"
  }
]