{
  "criteria": {
    "requirement": {
      "trigger": "minecraft:player_interacted_with_entity",
      "conditions": {
        "player": [
          {
            "condition": "minecraft:inverted",
            "term": {
              "condition": "minecraft:entity_properties",
              "entity": "this",
              "predicate": {
                "equipment": {
                  "mainhand": {
                    "items": [
                      "minecraft:written_book"
                    ],
                    "nbt": "{myquest:tools}"
                  }
                }
              }
            }
          }
        ],
        "entity": {
          "type": "minecraft:interaction",
          "nbt": "{Tags:[\"myquest.editor.confirm\"]}"
        }
      }
    }
  },
  "rewards": {
    "function": "myquest:zprivate/editor/buttons/confirm/init"
  }
}
