{
  "criteria": {
    "requirement": {
      "trigger": "minecraft:player_interacted_with_entity",
      "conditions": {
        "player": {
          "flags": {
            "is_sneaking": true
          }
        },
        "item": {
          "nbt": "{myquest:tools}"
        },
        "entity": {
          "type": "minecraft:interaction",
          "nbt": "{Tags:[\"myquest.editor.cycle\"]}"
        }
      }
    }
  },
  "rewards": {
    "function": "myquest:zprivate/editor/summon/remove"
  }
}
